-- customers
INSERT INTO `customer` (`c_id`,`id_number`,`name`,`nationality`,`gender`,`birthday`) VALUES ('6000000','54507051','Jaden L. Love','Czech Republic','female','1921-11-09');
INSERT INTO `customer` (`c_id`,`id_number`,`name`,`nationality`,`gender`,`birthday`) VALUES ('6000001','61729651','Dane J. Holt','Bolivia','N/A','1942-04-06');
INSERT INTO `customer` (`c_id`,`id_number`,`name`,`nationality`,`gender`,`birthday`) VALUES ('6000002','68967524','Kerry B. Murphy','Iceland','male','2005-11-28');
INSERT INTO `customer` (`c_id`,`id_number`,`name`,`nationality`,`gender`,`birthday`) VALUES ('6000003','85278777','Caryn D. Chen','Romania','male','1996-12-04');
INSERT INTO `customer` (`c_id`,`id_number`,`name`,`nationality`,`gender`,`birthday`) VALUES ('6000004','68716070','Stella D. Thornton','Germany','male','1987-09-01');
INSERT INTO `customer` (`c_id`,`id_number`,`name`,`nationality`,`gender`,`birthday`) VALUES ('6000005','60144816','Hanae D. Wyatt','Nepal','male','1932-02-18');
INSERT INTO `customer` (`c_id`,`id_number`,`name`,`nationality`,`gender`,`birthday`) VALUES ('6000006','75063227','Martha J. Herring','Christmas Island','female','1920-06-15');
INSERT INTO `customer` (`c_id`,`id_number`,`name`,`nationality`,`gender`,`birthday`) VALUES ('6000007','63656895','Illiana L. Dale','Morocco','male','1994-10-24');
INSERT INTO `customer` (`c_id`,`id_number`,`name`,`nationality`,`gender`,`birthday`) VALUES ('6000008','39278023','Alec Z. Gates','Tonga','female','1940-06-14');
INSERT INTO `customer` (`c_id`,`id_number`,`name`,`nationality`,`gender`,`birthday`) VALUES ('6000009','30065738','Miriam U. Paul','Austria','male','1985-02-10');
INSERT INTO `customer` (`c_id`,`id_number`,`name`,`nationality`,`gender`,`birthday`) VALUES ('6000010','70501729','Bryar K. Herrera','Senegal','male','2005-02-25');
INSERT INTO `customer` (`c_id`,`id_number`,`name`,`nationality`,`gender`,`birthday`) VALUES ('6000011','97496790','Taylor O. Craft','Germany','N/A','1972-02-21');
INSERT INTO `customer` (`c_id`,`id_number`,`name`,`nationality`,`gender`,`birthday`) VALUES ('6000012','92913056','Rose G. Manning','Suriname','female','1990-07-08');
INSERT INTO `customer` (`c_id`,`id_number`,`name`,`nationality`,`gender`,`birthday`) VALUES ('6000013','76180938','Brian Y. Gomez','Slovakia','N/A','1941-07-06');
INSERT INTO `customer` (`c_id`,`id_number`,`name`,`nationality`,`gender`,`birthday`) VALUES ('6000014','87145366','Quemby N. Mosley','Trinidad and Tobago','N/A','1992-08-24');
INSERT INTO `customer` (`c_id`,`id_number`,`name`,`nationality`,`gender`,`birthday`) VALUES ('6000015','71323799','Tanya Q. Pacheco','Sierra Leone','female','1960-05-26');
INSERT INTO `customer` (`c_id`,`id_number`,`name`,`nationality`,`gender`,`birthday`) VALUES ('6000016','21027342','Freya B. Daugherty','Burundi','female','1971-03-06');
INSERT INTO `customer` (`c_id`,`id_number`,`name`,`nationality`,`gender`,`birthday`) VALUES ('6000017','98742469','Miranda S. Lambert','Slovakia','male','1933-12-27');
INSERT INTO `customer` (`c_id`,`id_number`,`name`,`nationality`,`gender`,`birthday`) VALUES ('6000018','64182367','Uriel L. Hewitt','Papua New Guinea','N/A','2002-10-11');
INSERT INTO `customer` (`c_id`,`id_number`,`name`,`nationality`,`gender`,`birthday`) VALUES ('6000019','62929968','Bruce H. Valdez','Anguilla','male','1972-07-22');
INSERT INTO `customer` (`c_id`,`id_number`,`name`,`nationality`,`gender`,`birthday`) VALUES ('6000020','83990591','Karly Y. Carlson','Swaziland','male','1951-10-22');
INSERT INTO `customer` (`c_id`,`id_number`,`name`,`nationality`,`gender`,`birthday`) VALUES ('6000021','99547350','Calvin Z. Farmer','Spain','male','1932-12-09');
INSERT INTO `customer` (`c_id`,`id_number`,`name`,`nationality`,`gender`,`birthday`) VALUES ('6000022','66640624','Maya G. Haney','Monaco','male','2005-02-08');
INSERT INTO `customer` (`c_id`,`id_number`,`name`,`nationality`,`gender`,`birthday`) VALUES ('6000023','34277916','Stacey W. Ochoa','Afghanistan','N/A','1934-05-22');
INSERT INTO `customer` (`c_id`,`id_number`,`name`,`nationality`,`gender`,`birthday`) VALUES ('6000024','12592156','Clark W. Bauer','Puerto Rico','N/A','1987-08-22');
INSERT INTO `customer` (`c_id`,`id_number`,`name`,`nationality`,`gender`,`birthday`) VALUES ('6000025','61121744','Kylynn O. Rocha','Portugal','N/A','1974-01-17');
INSERT INTO `customer` (`c_id`,`id_number`,`name`,`nationality`,`gender`,`birthday`) VALUES ('6000026','58911783','Shoshana E. Donovan','Macao','N/A','1997-08-15');
INSERT INTO `customer` (`c_id`,`id_number`,`name`,`nationality`,`gender`,`birthday`) VALUES ('6000027','18465758','Imelda J. Bradshaw','France','female','1961-12-31');
INSERT INTO `customer` (`c_id`,`id_number`,`name`,`nationality`,`gender`,`birthday`) VALUES ('6000028','36902216','Griffin I. Gonzales','Mexico','N/A','1986-10-19');
INSERT INTO `customer` (`c_id`,`id_number`,`name`,`nationality`,`gender`,`birthday`) VALUES ('6000029','36055286','Levi W. William','Canada','female','1941-05-23');
INSERT INTO `customer` (`c_id`,`id_number`,`name`,`nationality`,`gender`,`birthday`) VALUES ('6000030','88589447','Ruth K. Whitfield','Palau','N/A','1964-01-31');
INSERT INTO `customer` (`c_id`,`id_number`,`name`,`nationality`,`gender`,`birthday`) VALUES ('6000031','27121751','Sebastian H. Wynn','Eritrea','N/A','1978-01-03');
INSERT INTO `customer` (`c_id`,`id_number`,`name`,`nationality`,`gender`,`birthday`) VALUES ('6000032','60845012','Skyler W. Stark','Cyprus','female','1992-09-13');
INSERT INTO `customer` (`c_id`,`id_number`,`name`,`nationality`,`gender`,`birthday`) VALUES ('6000033','81842178','Macaulay C. Guthrie','Costa Rica','male','1961-04-15');
INSERT INTO `customer` (`c_id`,`id_number`,`name`,`nationality`,`gender`,`birthday`) VALUES ('6000034','43409848','Bethany G. Griffith','Tuvalu','N/A','1952-01-30');
INSERT INTO `customer` (`c_id`,`id_number`,`name`,`nationality`,`gender`,`birthday`) VALUES ('6000035','64059933','Kermit U. Downs','Haiti','female','1925-03-03');
INSERT INTO `customer` (`c_id`,`id_number`,`name`,`nationality`,`gender`,`birthday`) VALUES ('6000036','68334196','Fritz F. Petty','Colombia','N/A','1989-06-14');
INSERT INTO `customer` (`c_id`,`id_number`,`name`,`nationality`,`gender`,`birthday`) VALUES ('6000037','48116178','Rogan F. England','Israel','N/A','1942-01-14');
INSERT INTO `customer` (`c_id`,`id_number`,`name`,`nationality`,`gender`,`birthday`) VALUES ('6000038','67903328','Yuri A. Duffy','Belgium','N/A','1951-05-29');
INSERT INTO `customer` (`c_id`,`id_number`,`name`,`nationality`,`gender`,`birthday`) VALUES ('6000039','10835628','Wendy P. Vasquez','Liberia','female','1953-05-17');
INSERT INTO `customer` (`c_id`,`id_number`,`name`,`nationality`,`gender`,`birthday`) VALUES ('6000040','88514910','Hunter N. Jimenez','Saint Kitts and Nevis','N/A','2009-04-21');
INSERT INTO `customer` (`c_id`,`id_number`,`name`,`nationality`,`gender`,`birthday`) VALUES ('6000041','94833946','Reed J. Sampson','Myanmar','N/A','1971-04-05');
INSERT INTO `customer` (`c_id`,`id_number`,`name`,`nationality`,`gender`,`birthday`) VALUES ('6000042','13133304','Nyssa R. Thomas','Philippines','N/A','1935-08-05');
INSERT INTO `customer` (`c_id`,`id_number`,`name`,`nationality`,`gender`,`birthday`) VALUES ('6000043','80809491','Quyn U. Weaver','Qatar','female','1927-05-26');
INSERT INTO `customer` (`c_id`,`id_number`,`name`,`nationality`,`gender`,`birthday`) VALUES ('6000044','29401588','Amber C. Ryan','Kiribati','N/A','1957-10-13');
INSERT INTO `customer` (`c_id`,`id_number`,`name`,`nationality`,`gender`,`birthday`) VALUES ('6000045','28481553','Jessica D. Gilmore','Estonia','N/A','1991-06-29');
INSERT INTO `customer` (`c_id`,`id_number`,`name`,`nationality`,`gender`,`birthday`) VALUES ('6000046','89150177','Dakota X. Briggs','Uruguay','male','1972-01-26');
INSERT INTO `customer` (`c_id`,`id_number`,`name`,`nationality`,`gender`,`birthday`) VALUES ('6000047','68573888','Calvin L. Figueroa','Uganda','female','1949-05-24');
INSERT INTO `customer` (`c_id`,`id_number`,`name`,`nationality`,`gender`,`birthday`) VALUES ('6000048','68300737','Blaze W. Morales','Cambodia','male','1946-05-20');
INSERT INTO `customer` (`c_id`,`id_number`,`name`,`nationality`,`gender`,`birthday`) VALUES ('6000049','64842754','Oprah V. Mann','Cook Islands','male','2007-04-19');
INSERT INTO `customer` (`c_id`,`id_number`,`name`,`nationality`,`gender`,`birthday`) VALUES ('6000050','53803828','Anika J. Jimenez','Faroe Islands','N/A','2010-04-15');
INSERT INTO `customer` (`c_id`,`id_number`,`name`,`nationality`,`gender`,`birthday`) VALUES ('6000051','31279537','Laura X. Stephens','Romania','female','1984-04-29');
INSERT INTO `customer` (`c_id`,`id_number`,`name`,`nationality`,`gender`,`birthday`) VALUES ('6000052','68829559','Hedwig H. Malone','Liechtenstein','female','1936-11-06');
INSERT INTO `customer` (`c_id`,`id_number`,`name`,`nationality`,`gender`,`birthday`) VALUES ('6000053','69017154','Marsden G. Burch','Guyana','female','1946-09-13');
INSERT INTO `customer` (`c_id`,`id_number`,`name`,`nationality`,`gender`,`birthday`) VALUES ('6000054','62735778','Laura B. Barrett','New Zealand','N/A','1971-09-24');
INSERT INTO `customer` (`c_id`,`id_number`,`name`,`nationality`,`gender`,`birthday`) VALUES ('6000055','92739763','Benedict E. Perry','Palau','N/A','1936-03-28');
INSERT INTO `customer` (`c_id`,`id_number`,`name`,`nationality`,`gender`,`birthday`) VALUES ('6000056','46477921','Peter B. Gross','Burundi','female','1945-08-19');
INSERT INTO `customer` (`c_id`,`id_number`,`name`,`nationality`,`gender`,`birthday`) VALUES ('6000057','68443172','Brian H. Le','San Marino','male','1973-06-05');
INSERT INTO `customer` (`c_id`,`id_number`,`name`,`nationality`,`gender`,`birthday`) VALUES ('6000058','22904028','Felicia S. Mosley','Tonga','male','1922-12-24');
INSERT INTO `customer` (`c_id`,`id_number`,`name`,`nationality`,`gender`,`birthday`) VALUES ('6000059','57513217','Colby L. Dillard','French Southern Territories','male','2005-08-07');
INSERT INTO `customer` (`c_id`,`id_number`,`name`,`nationality`,`gender`,`birthday`) VALUES ('6000060','98693881','Kirby K. Morrow','French Guiana','female','2005-07-13');
INSERT INTO `customer` (`c_id`,`id_number`,`name`,`nationality`,`gender`,`birthday`) VALUES ('6000061','50285004','Virginia C. Sampson','Bahamas','N/A','2009-05-30');
INSERT INTO `customer` (`c_id`,`id_number`,`name`,`nationality`,`gender`,`birthday`) VALUES ('6000062','85069647','Yen Z. Wilkins','Finland','male','1996-09-14');
INSERT INTO `customer` (`c_id`,`id_number`,`name`,`nationality`,`gender`,`birthday`) VALUES ('6000063','27038992','Fatima S. Knight','Malawi','female','1980-01-27');
INSERT INTO `customer` (`c_id`,`id_number`,`name`,`nationality`,`gender`,`birthday`) VALUES ('6000064','85266539','Noah V. Richardson','El Salvador','N/A','2007-06-09');
INSERT INTO `customer` (`c_id`,`id_number`,`name`,`nationality`,`gender`,`birthday`) VALUES ('6000065','60771922','Imani A. Nelson','Guinea','N/A','2003-11-18');
INSERT INTO `customer` (`c_id`,`id_number`,`name`,`nationality`,`gender`,`birthday`) VALUES ('6000066','48945123','Risa G. Knox','Serbia and Montenegro','N/A','1990-08-18');
INSERT INTO `customer` (`c_id`,`id_number`,`name`,`nationality`,`gender`,`birthday`) VALUES ('6000067','17092377','Bianca G. Weaver','Iraq','male','1966-05-04');
INSERT INTO `customer` (`c_id`,`id_number`,`name`,`nationality`,`gender`,`birthday`) VALUES ('6000068','95236808','Clio U. Carroll','Turks and Caicos Islands','male','1984-10-31');
INSERT INTO `customer` (`c_id`,`id_number`,`name`,`nationality`,`gender`,`birthday`) VALUES ('6000069','26293670','Fredericka T. Santos','Saint Vincent and The Grenadines','male','2003-06-08');
INSERT INTO `customer` (`c_id`,`id_number`,`name`,`nationality`,`gender`,`birthday`) VALUES ('6000070','21372170','Whilemina O. Spencer','Saint Vincent and The Grenadines','male','1955-09-14');
INSERT INTO `customer` (`c_id`,`id_number`,`name`,`nationality`,`gender`,`birthday`) VALUES ('6000071','59077440','Silas Q. Bird','Venezuela','N/A','1998-12-05');
INSERT INTO `customer` (`c_id`,`id_number`,`name`,`nationality`,`gender`,`birthday`) VALUES ('6000072','44696315','Jesse I. Stokes','Paraguay','female','2006-08-15');
INSERT INTO `customer` (`c_id`,`id_number`,`name`,`nationality`,`gender`,`birthday`) VALUES ('6000073','64908820','Walker U. Petersen','Ethiopia','male','1997-03-01');
INSERT INTO `customer` (`c_id`,`id_number`,`name`,`nationality`,`gender`,`birthday`) VALUES ('6000074','13094278','Akeem E. Fletcher','Virgin Islands, British','N/A','1946-02-17');
INSERT INTO `customer` (`c_id`,`id_number`,`name`,`nationality`,`gender`,`birthday`) VALUES ('6000075','75891904','Kelsey H. Lowe','Hong Kong','male','1933-07-18');
INSERT INTO `customer` (`c_id`,`id_number`,`name`,`nationality`,`gender`,`birthday`) VALUES ('6000076','42402141','Marah T. Rosales','Botswana','female','1993-04-14');
INSERT INTO `customer` (`c_id`,`id_number`,`name`,`nationality`,`gender`,`birthday`) VALUES ('6000077','82854057','Nerea K. Conner','Niger','female','1983-03-20');
INSERT INTO `customer` (`c_id`,`id_number`,`name`,`nationality`,`gender`,`birthday`) VALUES ('6000078','92766963','Jade Y. Ramos','Kuwait','female','1975-01-05');
INSERT INTO `customer` (`c_id`,`id_number`,`name`,`nationality`,`gender`,`birthday`) VALUES ('6000079','50008071','Christopher E. Sharp','Russian Federation','N/A','1926-02-18');
INSERT INTO `customer` (`c_id`,`id_number`,`name`,`nationality`,`gender`,`birthday`) VALUES ('6000080','21644763','Zeus M. Gould','New Zealand','female','2010-12-28');
INSERT INTO `customer` (`c_id`,`id_number`,`name`,`nationality`,`gender`,`birthday`) VALUES ('6000081','77698358','Ruth O. French','Macedonia','male','1951-03-31');
INSERT INTO `customer` (`c_id`,`id_number`,`name`,`nationality`,`gender`,`birthday`) VALUES ('6000082','24711053','Igor C. Compton','Tanzania, United Republic of','female','1990-06-13');
INSERT INTO `customer` (`c_id`,`id_number`,`name`,`nationality`,`gender`,`birthday`) VALUES ('6000083','41446087','Yoko U. Carter','Chile','male','1974-05-20');
INSERT INTO `customer` (`c_id`,`id_number`,`name`,`nationality`,`gender`,`birthday`) VALUES ('6000084','92162182','Griffin B. Hinton','Guatemala','male','1980-02-10');
INSERT INTO `customer` (`c_id`,`id_number`,`name`,`nationality`,`gender`,`birthday`) VALUES ('6000085','99691512','Vanna T. Richards','Saint Lucia','female','2007-08-19');
INSERT INTO `customer` (`c_id`,`id_number`,`name`,`nationality`,`gender`,`birthday`) VALUES ('6000086','34327330','Leilani L. Fitzpatrick','Algeria','male','1964-01-19');
INSERT INTO `customer` (`c_id`,`id_number`,`name`,`nationality`,`gender`,`birthday`) VALUES ('6000087','89712260','Igor G. Macias','Hungary','female','1991-02-24');
INSERT INTO `customer` (`c_id`,`id_number`,`name`,`nationality`,`gender`,`birthday`) VALUES ('6000088','62250976','Natalie M. Zimmerman','Austria','male','2009-12-13');
INSERT INTO `customer` (`c_id`,`id_number`,`name`,`nationality`,`gender`,`birthday`) VALUES ('6000089','47975811','Clarke K. Bernard','Brunei Darussalam','female','1973-02-10');
INSERT INTO `customer` (`c_id`,`id_number`,`name`,`nationality`,`gender`,`birthday`) VALUES ('6000090','89657528','Troy E. Johns','Liechtenstein','male','1995-03-31');
INSERT INTO `customer` (`c_id`,`id_number`,`name`,`nationality`,`gender`,`birthday`) VALUES ('6000091','55904912','Debra K. Brooks','Palau','male','2001-03-14');
INSERT INTO `customer` (`c_id`,`id_number`,`name`,`nationality`,`gender`,`birthday`) VALUES ('6000092','17038192','Gretchen R. Nash','Austria','N/A','1949-06-02');
INSERT INTO `customer` (`c_id`,`id_number`,`name`,`nationality`,`gender`,`birthday`) VALUES ('6000093','20525535','Axel O. Oneill','Fiji','male','1945-11-19');
INSERT INTO `customer` (`c_id`,`id_number`,`name`,`nationality`,`gender`,`birthday`) VALUES ('6000094','48069608','Leonard I. Burton','Liechtenstein','N/A','1959-01-27');
INSERT INTO `customer` (`c_id`,`id_number`,`name`,`nationality`,`gender`,`birthday`) VALUES ('6000095','10389359','Hakeem N. Beach','Netherlands Antilles','N/A','1991-10-04');
INSERT INTO `customer` (`c_id`,`id_number`,`name`,`nationality`,`gender`,`birthday`) VALUES ('6000096','37125380','Ruby J. Logan','China','female','1958-08-07');
INSERT INTO `customer` (`c_id`,`id_number`,`name`,`nationality`,`gender`,`birthday`) VALUES ('6000097','31807016','Simon J. Colon','United States','male','1951-03-17');
INSERT INTO `customer` (`c_id`,`id_number`,`name`,`nationality`,`gender`,`birthday`) VALUES ('6000098','30941233','Mallory R. Snider','Cuba','male','1984-11-11');
INSERT INTO `customer` (`c_id`,`id_number`,`name`,`nationality`,`gender`,`birthday`) VALUES ('6000099','75462344','Lee T. Hodges','Uzbekistan','N/A','1980-04-23');
INSERT INTO `customer` (`c_id`,`id_number`,`name`,`nationality`,`gender`,`birthday`) VALUES ('6000100','62213909','Margaret W. Castaneda','Kenya','female','1936-09-20');
INSERT INTO `customer` (`c_id`,`id_number`,`name`,`nationality`,`gender`,`birthday`) VALUES ('6000101','67718387','Tate W. Forbes','Saint Pierre and Miquelon','N/A','1921-08-06');
INSERT INTO `customer` (`c_id`,`id_number`,`name`,`nationality`,`gender`,`birthday`) VALUES ('6000102','73223476','Guy Y. Cantu','Afghanistan','male','1928-11-21');
INSERT INTO `customer` (`c_id`,`id_number`,`name`,`nationality`,`gender`,`birthday`) VALUES ('6000103','30405538','Yen Y. Mack','Mauritius','male','1954-01-10');
INSERT INTO `customer` (`c_id`,`id_number`,`name`,`nationality`,`gender`,`birthday`) VALUES ('6000104','56312843','Jana C. Wade','Bermuda','N/A','1984-11-29');
INSERT INTO `customer` (`c_id`,`id_number`,`name`,`nationality`,`gender`,`birthday`) VALUES ('6000105','60139097','Raven F. Diaz','Panama','N/A','1982-10-16');
INSERT INTO `customer` (`c_id`,`id_number`,`name`,`nationality`,`gender`,`birthday`) VALUES ('6000106','49735796','Alexandra D. Gamble','Hong Kong','N/A','1921-08-22');
INSERT INTO `customer` (`c_id`,`id_number`,`name`,`nationality`,`gender`,`birthday`) VALUES ('6000107','45885454','Jane Q. Nieves','Jamaica','N/A','2011-04-10');
INSERT INTO `customer` (`c_id`,`id_number`,`name`,`nationality`,`gender`,`birthday`) VALUES ('6000108','99926646','Clayton N. Ellis','Oman','N/A','1998-09-19');
INSERT INTO `customer` (`c_id`,`id_number`,`name`,`nationality`,`gender`,`birthday`) VALUES ('6000109','79134102','Eden I. Mcconnell','Bahrain','male','1983-01-01');
INSERT INTO `customer` (`c_id`,`id_number`,`name`,`nationality`,`gender`,`birthday`) VALUES ('6000110','77821134','Gloria F. Mclean','Holy See (Vatican City State)','female','1988-08-15');
INSERT INTO `customer` (`c_id`,`id_number`,`name`,`nationality`,`gender`,`birthday`) VALUES ('6000111','80384274','Hedy E. Hewitt','Switzerland','N/A','1977-02-08');
INSERT INTO `customer` (`c_id`,`id_number`,`name`,`nationality`,`gender`,`birthday`) VALUES ('6000112','36864253','Faith H. Hardin','Macedonia','male','1979-12-18');
INSERT INTO `customer` (`c_id`,`id_number`,`name`,`nationality`,`gender`,`birthday`) VALUES ('6000113','26854647','Shannon Y. Hickman','Brunei Darussalam','female','1931-08-16');
INSERT INTO `customer` (`c_id`,`id_number`,`name`,`nationality`,`gender`,`birthday`) VALUES ('6000114','28343481','Salvador Y. Russo','China','N/A','1940-11-28');
INSERT INTO `customer` (`c_id`,`id_number`,`name`,`nationality`,`gender`,`birthday`) VALUES ('6000115','61516721','Garrett J. Kelley','Russian Federation','male','1929-05-30');
INSERT INTO `customer` (`c_id`,`id_number`,`name`,`nationality`,`gender`,`birthday`) VALUES ('6000116','63662014','Zoe X. Gilliam','French Southern Territories','female','1936-02-13');
INSERT INTO `customer` (`c_id`,`id_number`,`name`,`nationality`,`gender`,`birthday`) VALUES ('6000117','84699804','Hammett A. Adams','Cyprus','male','1997-06-21');
INSERT INTO `customer` (`c_id`,`id_number`,`name`,`nationality`,`gender`,`birthday`) VALUES ('6000118','42400299','Imelda O. Dudley','Egypt','N/A','1991-12-01');
INSERT INTO `customer` (`c_id`,`id_number`,`name`,`nationality`,`gender`,`birthday`) VALUES ('6000119','49759044','Jason A. Nolan','Slovenia','female','1926-12-25');
INSERT INTO `customer` (`c_id`,`id_number`,`name`,`nationality`,`gender`,`birthday`) VALUES ('6000120','59112391','Aubrey D. Townsend','Bangladesh','female','1988-03-29');
INSERT INTO `customer` (`c_id`,`id_number`,`name`,`nationality`,`gender`,`birthday`) VALUES ('6000121','44533731','Xerxes F. Dean','Grenada','female','1943-11-23');
INSERT INTO `customer` (`c_id`,`id_number`,`name`,`nationality`,`gender`,`birthday`) VALUES ('6000122','61970301','Maya Y. Cortez','Belgium','male','1966-01-28');
INSERT INTO `customer` (`c_id`,`id_number`,`name`,`nationality`,`gender`,`birthday`) VALUES ('6000123','40685920','Karina U. Atkinson','Wallis and Futuna','male','1953-09-21');
INSERT INTO `customer` (`c_id`,`id_number`,`name`,`nationality`,`gender`,`birthday`) VALUES ('6000124','81202767','Simone I. Chapman','United Arab Emirates','female','1984-03-18');
INSERT INTO `customer` (`c_id`,`id_number`,`name`,`nationality`,`gender`,`birthday`) VALUES ('6000125','10829329','Farrah K. Lancaster','Faroe Islands','male','1941-06-17');
INSERT INTO `customer` (`c_id`,`id_number`,`name`,`nationality`,`gender`,`birthday`) VALUES ('6000126','67433015','Yeo F. Shelton','New Zealand','female','1967-02-19');
INSERT INTO `customer` (`c_id`,`id_number`,`name`,`nationality`,`gender`,`birthday`) VALUES ('6000127','74765770','Joy B. Mullins','American Samoa','male','1947-11-05');
INSERT INTO `customer` (`c_id`,`id_number`,`name`,`nationality`,`gender`,`birthday`) VALUES ('6000128','99624385','Halee U. Moran','Denmark','female','1956-09-14');
INSERT INTO `customer` (`c_id`,`id_number`,`name`,`nationality`,`gender`,`birthday`) VALUES ('6000129','25350259','Stewart E. Mckinney','Christmas Island','N/A','1959-04-15');
INSERT INTO `customer` (`c_id`,`id_number`,`name`,`nationality`,`gender`,`birthday`) VALUES ('6000130','52937707','Skyler C. Clemons','Suriname','female','1956-12-16');
INSERT INTO `customer` (`c_id`,`id_number`,`name`,`nationality`,`gender`,`birthday`) VALUES ('6000131','52686755','Anthony F. Joyce','Mauritania','female','1982-11-20');
INSERT INTO `customer` (`c_id`,`id_number`,`name`,`nationality`,`gender`,`birthday`) VALUES ('6000132','61277975','Rose O. Bray','Christmas Island','female','2003-06-05');
INSERT INTO `customer` (`c_id`,`id_number`,`name`,`nationality`,`gender`,`birthday`) VALUES ('6000133','47995359','Kevin P. Jimenez','Iran, Islamic Republic of','N/A','1932-09-21');
INSERT INTO `customer` (`c_id`,`id_number`,`name`,`nationality`,`gender`,`birthday`) VALUES ('6000134','64776810','Christen C. Glover','Azerbaijan','N/A','1926-01-24');
INSERT INTO `customer` (`c_id`,`id_number`,`name`,`nationality`,`gender`,`birthday`) VALUES ('6000135','90959706','Kermit J. Lester','Mozambique','N/A','1978-02-10');
INSERT INTO `customer` (`c_id`,`id_number`,`name`,`nationality`,`gender`,`birthday`) VALUES ('6000136','24062263','Cameron S. Schmidt','Viet Nam','female','1935-03-31');
INSERT INTO `customer` (`c_id`,`id_number`,`name`,`nationality`,`gender`,`birthday`) VALUES ('6000137','24101985','Mechelle P. Morris','Comoros','female','1950-07-04');
INSERT INTO `customer` (`c_id`,`id_number`,`name`,`nationality`,`gender`,`birthday`) VALUES ('6000138','65848507','Christopher F. Warner','Hong Kong','female','1931-09-26');
INSERT INTO `customer` (`c_id`,`id_number`,`name`,`nationality`,`gender`,`birthday`) VALUES ('6000139','51029491','Rooney J. Lancaster','Guadeloupe','N/A','1940-04-06');
INSERT INTO `customer` (`c_id`,`id_number`,`name`,`nationality`,`gender`,`birthday`) VALUES ('6000140','95944612','Ariana C. Flynn','Croatia','N/A','1952-06-07');
INSERT INTO `customer` (`c_id`,`id_number`,`name`,`nationality`,`gender`,`birthday`) VALUES ('6000141','26725943','Alyssa I. Byrd','Peru','male','2005-10-06');
INSERT INTO `customer` (`c_id`,`id_number`,`name`,`nationality`,`gender`,`birthday`) VALUES ('6000142','90919765','Tanya N. Bradford','Belize','N/A','1973-05-15');
INSERT INTO `customer` (`c_id`,`id_number`,`name`,`nationality`,`gender`,`birthday`) VALUES ('6000143','54026886','Flynn Y. Bentley','Burkina Faso','N/A','1983-07-26');
INSERT INTO `customer` (`c_id`,`id_number`,`name`,`nationality`,`gender`,`birthday`) VALUES ('6000144','54589651','Maggy L. Baird','Papua New Guinea','N/A','1933-07-31');
INSERT INTO `customer` (`c_id`,`id_number`,`name`,`nationality`,`gender`,`birthday`) VALUES ('6000145','91669560','Ishmael C. Hawkins','Lebanon','N/A','1949-10-23');
INSERT INTO `customer` (`c_id`,`id_number`,`name`,`nationality`,`gender`,`birthday`) VALUES ('6000146','26459940','Emmanuel C. Grant','Cocos (Keeling) Islands','male','1950-11-06');
INSERT INTO `customer` (`c_id`,`id_number`,`name`,`nationality`,`gender`,`birthday`) VALUES ('6000147','35798988','Joelle U. Gonzalez','Somalia','male','1924-11-04');
INSERT INTO `customer` (`c_id`,`id_number`,`name`,`nationality`,`gender`,`birthday`) VALUES ('6000148','95841379','Zeph L. Atkins','Netherlands','N/A','1945-03-18');
INSERT INTO `customer` (`c_id`,`id_number`,`name`,`nationality`,`gender`,`birthday`) VALUES ('6000149','38010813','Hammett F. Hurley','South Georgia and The South Sandwich Islands','female','1967-11-25');
INSERT INTO `customer` (`c_id`,`id_number`,`name`,`nationality`,`gender`,`birthday`) VALUES ('6000150','37874351','Haviva M. Ramos','Papua New Guinea','N/A','1967-10-31');
INSERT INTO `customer` (`c_id`,`id_number`,`name`,`nationality`,`gender`,`birthday`) VALUES ('6000151','89358028','Kirsten E. Clay','Armenia','male','2012-02-08');
INSERT INTO `customer` (`c_id`,`id_number`,`name`,`nationality`,`gender`,`birthday`) VALUES ('6000152','87044115','Virginia V. Nguyen','United Arab Emirates','female','1999-02-12');
INSERT INTO `customer` (`c_id`,`id_number`,`name`,`nationality`,`gender`,`birthday`) VALUES ('6000153','59988384','Owen W. Castro','Botswana','N/A','1937-10-01');
INSERT INTO `customer` (`c_id`,`id_number`,`name`,`nationality`,`gender`,`birthday`) VALUES ('6000154','94605680','Jescie G. Hatfield','Taiwan, Province of China','N/A','1968-11-09');
INSERT INTO `customer` (`c_id`,`id_number`,`name`,`nationality`,`gender`,`birthday`) VALUES ('6000155','59968057','Dean L. Frye','Slovenia','male','1923-02-12');
INSERT INTO `customer` (`c_id`,`id_number`,`name`,`nationality`,`gender`,`birthday`) VALUES ('6000156','86286053','Aladdin S. Lynch','Vanuatu','N/A','1949-05-30');
INSERT INTO `customer` (`c_id`,`id_number`,`name`,`nationality`,`gender`,`birthday`) VALUES ('6000157','90584411','Taylor L. Rios','Nicaragua','female','1933-06-27');
INSERT INTO `customer` (`c_id`,`id_number`,`name`,`nationality`,`gender`,`birthday`) VALUES ('6000158','77953164','Kimberly S. Hays','Antarctica','male','1985-12-10');
INSERT INTO `customer` (`c_id`,`id_number`,`name`,`nationality`,`gender`,`birthday`) VALUES ('6000159','90840804','Walker L. Oneil','Colombia','N/A','1954-03-05');
INSERT INTO `customer` (`c_id`,`id_number`,`name`,`nationality`,`gender`,`birthday`) VALUES ('6000160','10032288','Josiah W. Kent','Macedonia','N/A','1940-10-19');
INSERT INTO `customer` (`c_id`,`id_number`,`name`,`nationality`,`gender`,`birthday`) VALUES ('6000161','53038053','Denton J. Berg','Cape Verde','male','1944-05-16');
INSERT INTO `customer` (`c_id`,`id_number`,`name`,`nationality`,`gender`,`birthday`) VALUES ('6000162','82065488','Quinn O. Cantu','Gambia','N/A','2009-03-26');
INSERT INTO `customer` (`c_id`,`id_number`,`name`,`nationality`,`gender`,`birthday`) VALUES ('6000163','41597842','Gay G. Conrad','Fiji','male','1968-03-08');
INSERT INTO `customer` (`c_id`,`id_number`,`name`,`nationality`,`gender`,`birthday`) VALUES ('6000164','53652163','Tallulah M. Mcfarland','Heard Island and Mcdonald Islands','female','1978-07-31');
INSERT INTO `customer` (`c_id`,`id_number`,`name`,`nationality`,`gender`,`birthday`) VALUES ('6000165','91188605','Bryar J. Summers','Hong Kong','male','1994-11-12');
INSERT INTO `customer` (`c_id`,`id_number`,`name`,`nationality`,`gender`,`birthday`) VALUES ('6000166','60039076','Raymond J. Mcbride','Mauritania','male','1968-08-13');
INSERT INTO `customer` (`c_id`,`id_number`,`name`,`nationality`,`gender`,`birthday`) VALUES ('6000167','88934857','Dexter F. Chaney','Namibia','N/A','1941-07-08');
INSERT INTO `customer` (`c_id`,`id_number`,`name`,`nationality`,`gender`,`birthday`) VALUES ('6000168','90943908','Dara J. Cleveland','British Indian Ocean Territory','male','1962-03-04');
INSERT INTO `customer` (`c_id`,`id_number`,`name`,`nationality`,`gender`,`birthday`) VALUES ('6000169','56260717','Skyler K. Cortez','Zimbabwe','N/A','1920-02-29');
INSERT INTO `customer` (`c_id`,`id_number`,`name`,`nationality`,`gender`,`birthday`) VALUES ('6000170','45186139','Althea Y. Lynn','South Georgia and The South Sandwich Islands','female','1942-11-18');
INSERT INTO `customer` (`c_id`,`id_number`,`name`,`nationality`,`gender`,`birthday`) VALUES ('6000171','44484164','Shannon G. Curry','Bosnia and Herzegovina','N/A','2011-08-25');
INSERT INTO `customer` (`c_id`,`id_number`,`name`,`nationality`,`gender`,`birthday`) VALUES ('6000172','75067890','Paki Q. Whitley','Wallis and Futuna','female','1952-08-20');
INSERT INTO `customer` (`c_id`,`id_number`,`name`,`nationality`,`gender`,`birthday`) VALUES ('6000173','19895270','Ulysses Q. Stewart','Senegal','female','1975-06-15');
INSERT INTO `customer` (`c_id`,`id_number`,`name`,`nationality`,`gender`,`birthday`) VALUES ('6000174','80031437','Caryn E. Shaw','Congo','N/A','1940-04-28');
INSERT INTO `customer` (`c_id`,`id_number`,`name`,`nationality`,`gender`,`birthday`) VALUES ('6000175','12918378','Karina K. Hickman','Guatemala','male','1998-03-16');
INSERT INTO `customer` (`c_id`,`id_number`,`name`,`nationality`,`gender`,`birthday`) VALUES ('6000176','52968616','Aidan F. Chang','Saint Lucia','N/A','1989-03-15');
INSERT INTO `customer` (`c_id`,`id_number`,`name`,`nationality`,`gender`,`birthday`) VALUES ('6000177','76107584','Drake V. Sellers','Colombia','female','1955-08-27');
INSERT INTO `customer` (`c_id`,`id_number`,`name`,`nationality`,`gender`,`birthday`) VALUES ('6000178','97926563','Raven T. Knight','Uzbekistan','male','1950-10-19');
INSERT INTO `customer` (`c_id`,`id_number`,`name`,`nationality`,`gender`,`birthday`) VALUES ('6000179','24379052','Ori E. Barr','Dominican Republic','male','1976-03-19');
INSERT INTO `customer` (`c_id`,`id_number`,`name`,`nationality`,`gender`,`birthday`) VALUES ('6000180','64984762','Bell C. Ferrell','Bosnia and Herzegovina','N/A','1974-12-01');
INSERT INTO `customer` (`c_id`,`id_number`,`name`,`nationality`,`gender`,`birthday`) VALUES ('6000181','87845892','Laura P. Buchanan','Sweden','female','2001-02-13');
INSERT INTO `customer` (`c_id`,`id_number`,`name`,`nationality`,`gender`,`birthday`) VALUES ('6000182','14410965','Martha A. Underwood','Italy','male','1943-11-18');
INSERT INTO `customer` (`c_id`,`id_number`,`name`,`nationality`,`gender`,`birthday`) VALUES ('6000183','44777855','Quentin O. Parsons','Libyan Arab Jamahiriya','male','1986-04-09');
INSERT INTO `customer` (`c_id`,`id_number`,`name`,`nationality`,`gender`,`birthday`) VALUES ('6000184','77004365','Claudia J. Goff','French Guiana','N/A','1925-10-29');
INSERT INTO `customer` (`c_id`,`id_number`,`name`,`nationality`,`gender`,`birthday`) VALUES ('6000185','47092718','August H. Pope','Norfolk Island','male','1976-05-21');
INSERT INTO `customer` (`c_id`,`id_number`,`name`,`nationality`,`gender`,`birthday`) VALUES ('6000186','55791324','Raven O. Gaines','Italy','N/A','1991-08-16');
INSERT INTO `customer` (`c_id`,`id_number`,`name`,`nationality`,`gender`,`birthday`) VALUES ('6000187','87859147','Maxine G. Griffin','Iraq','N/A','1996-02-13');
INSERT INTO `customer` (`c_id`,`id_number`,`name`,`nationality`,`gender`,`birthday`) VALUES ('6000188','92544333','Rose R. Lindsey','Andorra','female','1942-08-07');
INSERT INTO `customer` (`c_id`,`id_number`,`name`,`nationality`,`gender`,`birthday`) VALUES ('6000189','38973265','Kane T. Hunter','Montserrat','female','1973-01-27');
INSERT INTO `customer` (`c_id`,`id_number`,`name`,`nationality`,`gender`,`birthday`) VALUES ('6000190','32010972','Althea T. Swanson','South Georgia and The South Sandwich Islands','female','1954-06-20');
INSERT INTO `customer` (`c_id`,`id_number`,`name`,`nationality`,`gender`,`birthday`) VALUES ('6000191','32952191','Isaac D. Taylor','Benin','female','2008-07-08');
INSERT INTO `customer` (`c_id`,`id_number`,`name`,`nationality`,`gender`,`birthday`) VALUES ('6000192','56319341','Francis L. Chen','Burundi','female','1950-05-05');
INSERT INTO `customer` (`c_id`,`id_number`,`name`,`nationality`,`gender`,`birthday`) VALUES ('6000193','24958479','Len M. Bryant','Bermuda','N/A','1930-12-13');
INSERT INTO `customer` (`c_id`,`id_number`,`name`,`nationality`,`gender`,`birthday`) VALUES ('6000194','72020596','Quemby Y. Delaney','Slovakia','N/A','1945-07-01');
INSERT INTO `customer` (`c_id`,`id_number`,`name`,`nationality`,`gender`,`birthday`) VALUES ('6000195','66274858','Francis W. Zamora','San Marino','female','1941-08-09');
INSERT INTO `customer` (`c_id`,`id_number`,`name`,`nationality`,`gender`,`birthday`) VALUES ('6000196','87904456','Cameran J. Guy','Latvia','male','1956-05-02');
INSERT INTO `customer` (`c_id`,`id_number`,`name`,`nationality`,`gender`,`birthday`) VALUES ('6000197','66530962','David U. Travis','Sri Lanka','female','1933-03-21');
INSERT INTO `customer` (`c_id`,`id_number`,`name`,`nationality`,`gender`,`birthday`) VALUES ('6000198','94084043','Len Q. Kirkland','Guadeloupe','male','1926-01-22');
INSERT INTO `customer` (`c_id`,`id_number`,`name`,`nationality`,`gender`,`birthday`) VALUES ('6000199','23950429','Sigourney U. Dominguez','Christmas Island','N/A','1924-03-15');

-- flight data
INSERT INTO `flight` (`f_id`,`flight_number`,`d_time`,`duration`,`d_city`,`a_city`,`capacity`,`occupied`) VALUES ('10000','24','2013-02-11 08:30:50','15:08:15','New Rochelle','Beverly','20','0');
INSERT INTO `flight` (`f_id`,`flight_number`,`d_time`,`duration`,`d_city`,`a_city`,`capacity`,`occupied`) VALUES ('10001','12','2013-02-12 14:48:07','20:52:33','Livonia','Temecula','67','0');
INSERT INTO `flight` (`f_id`,`flight_number`,`d_time`,`duration`,`d_city`,`a_city`,`capacity`,`occupied`) VALUES ('10002','16','2013-02-11 18:11:22','01:26:04','Miami Beach','Kalamazoo','71','0');
INSERT INTO `flight` (`f_id`,`flight_number`,`d_time`,`duration`,`d_city`,`a_city`,`capacity`,`occupied`) VALUES ('10003','21','2013-02-11 19:28:40','12:03:38','Crown Point','Sun Valley','32','0');
INSERT INTO `flight` (`f_id`,`flight_number`,`d_time`,`duration`,`d_city`,`a_city`,`capacity`,`occupied`) VALUES ('10004','10','2013-02-12 01:54:33','23:07:03','Natchitoches','Hilo','22','0');
INSERT INTO `flight` (`f_id`,`flight_number`,`d_time`,`duration`,`d_city`,`a_city`,`capacity`,`occupied`) VALUES ('10005','14','2013-02-12 17:18:44','20:28:40','Culver City','Beverly','15','0');
INSERT INTO `flight` (`f_id`,`flight_number`,`d_time`,`duration`,`d_city`,`a_city`,`capacity`,`occupied`) VALUES ('10006','18','2013-02-12 20:43:54','09:06:29','Chandler','Belleville','119','0');
INSERT INTO `flight` (`f_id`,`flight_number`,`d_time`,`duration`,`d_city`,`a_city`,`capacity`,`occupied`) VALUES ('10007','27','2013-02-12 05:15:43','18:35:48','Terre Haute','Duluth','51','0');
INSERT INTO `flight` (`f_id`,`flight_number`,`d_time`,`duration`,`d_city`,`a_city`,`capacity`,`occupied`) VALUES ('10008','20','2013-02-11 02:22:22','19:57:31','Richland','Newark','65','0');
INSERT INTO `flight` (`f_id`,`flight_number`,`d_time`,`duration`,`d_city`,`a_city`,`capacity`,`occupied`) VALUES ('10009','17','2013-02-11 02:43:48','04:46:18','Appleton','Cape Girardeau','98','0');
INSERT INTO `flight` (`f_id`,`flight_number`,`d_time`,`duration`,`d_city`,`a_city`,`capacity`,`occupied`) VALUES ('10010','19','2013-02-12 05:06:35','01:26:27','Auburn Hills','Monrovia','61','0');

INSERT INTO `flight` (`f_id`,`flight_number`,`d_time`,`duration`,`d_city`,`a_city`,`capacity`,`occupied`) VALUES ('20000','24','2013-03-11 08:30:50','15:08:15','New Rochelle','Beverly','20','0');
INSERT INTO `flight` (`f_id`,`flight_number`,`d_time`,`duration`,`d_city`,`a_city`,`capacity`,`occupied`) VALUES ('20001','12','2013-03-12 14:48:07','20:52:33','Livonia','Temecula','67','0');
INSERT INTO `flight` (`f_id`,`flight_number`,`d_time`,`duration`,`d_city`,`a_city`,`capacity`,`occupied`) VALUES ('20002','16','2013-03-11 18:11:22','01:26:04','Miami Beach','Kalamazoo','71','0');
INSERT INTO `flight` (`f_id`,`flight_number`,`d_time`,`duration`,`d_city`,`a_city`,`capacity`,`occupied`) VALUES ('20003','21','2013-03-11 19:28:40','12:03:38','Crown Point','Sun Valley','32','0');
INSERT INTO `flight` (`f_id`,`flight_number`,`d_time`,`duration`,`d_city`,`a_city`,`capacity`,`occupied`) VALUES ('20004','10','2013-03-12 01:54:33','23:07:03','Natchitoches','Hilo','22','0');
INSERT INTO `flight` (`f_id`,`flight_number`,`d_time`,`duration`,`d_city`,`a_city`,`capacity`,`occupied`) VALUES ('20005','14','2013-03-12 17:18:44','20:28:40','Culver City','Beverly','15','0');
INSERT INTO `flight` (`f_id`,`flight_number`,`d_time`,`duration`,`d_city`,`a_city`,`capacity`,`occupied`) VALUES ('20006','18','2013-03-12 20:43:54','09:06:29','Chandler','Belleville','119','0');
INSERT INTO `flight` (`f_id`,`flight_number`,`d_time`,`duration`,`d_city`,`a_city`,`capacity`,`occupied`) VALUES ('20007','27','2013-03-12 05:15:43','18:35:48','Terre Haute','Duluth','51','0');
INSERT INTO `flight` (`f_id`,`flight_number`,`d_time`,`duration`,`d_city`,`a_city`,`capacity`,`occupied`) VALUES ('20008','20','2013-03-11 02:22:22','19:57:31','Richland','Newark','65','0');
INSERT INTO `flight` (`f_id`,`flight_number`,`d_time`,`duration`,`d_city`,`a_city`,`capacity`,`occupied`) VALUES ('20009','17','2013-03-11 02:43:48','04:46:18','Appleton','Cape Girardeau','98','0');
INSERT INTO `flight` (`f_id`,`flight_number`,`d_time`,`duration`,`d_city`,`a_city`,`capacity`,`occupied`) VALUES ('20010','19','2013-03-12 05:06:35','01:26:27','Auburn Hills','Monrovia','61','0');

INSERT INTO `flight` (`f_id`,`flight_number`,`d_time`,`duration`,`d_city`,`a_city`,`capacity`,`occupied`) VALUES ('30000','24','2013-04-11 08:30:50','15:08:15','New Rochelle','Beverly','20','0');
INSERT INTO `flight` (`f_id`,`flight_number`,`d_time`,`duration`,`d_city`,`a_city`,`capacity`,`occupied`) VALUES ('30001','12','2013-04-12 14:48:07','20:52:33','Livonia','Temecula','67','0');
INSERT INTO `flight` (`f_id`,`flight_number`,`d_time`,`duration`,`d_city`,`a_city`,`capacity`,`occupied`) VALUES ('30002','16','2013-04-11 18:11:22','01:26:04','Miami Beach','Kalamazoo','71','0');
INSERT INTO `flight` (`f_id`,`flight_number`,`d_time`,`duration`,`d_city`,`a_city`,`capacity`,`occupied`) VALUES ('30003','21','2013-04-11 19:28:40','12:03:38','Crown Point','Sun Valley','32','0');
INSERT INTO `flight` (`f_id`,`flight_number`,`d_time`,`duration`,`d_city`,`a_city`,`capacity`,`occupied`) VALUES ('30004','10','2013-04-12 01:54:33','23:07:03','Natchitoches','Hilo','22','0');
INSERT INTO `flight` (`f_id`,`flight_number`,`d_time`,`duration`,`d_city`,`a_city`,`capacity`,`occupied`) VALUES ('30005','14','2013-04-12 17:18:44','20:28:40','Culver City','Beverly','15','0');
INSERT INTO `flight` (`f_id`,`flight_number`,`d_time`,`duration`,`d_city`,`a_city`,`capacity`,`occupied`) VALUES ('30006','18','2013-04-12 20:43:54','09:06:29','Chandler','Belleville','119','0');
INSERT INTO `flight` (`f_id`,`flight_number`,`d_time`,`duration`,`d_city`,`a_city`,`capacity`,`occupied`) VALUES ('30007','27','2013-04-12 05:15:43','18:35:48','Terre Haute','Duluth','51','0');
INSERT INTO `flight` (`f_id`,`flight_number`,`d_time`,`duration`,`d_city`,`a_city`,`capacity`,`occupied`) VALUES ('30008','20','2013-04-11 02:22:22','19:57:31','Richland','Newark','65','0');
INSERT INTO `flight` (`f_id`,`flight_number`,`d_time`,`duration`,`d_city`,`a_city`,`capacity`,`occupied`) VALUES ('30009','17','2013-04-11 02:43:48','04:46:18','Appleton','Cape Girardeau','98','0');
INSERT INTO `flight` (`f_id`,`flight_number`,`d_time`,`duration`,`d_city`,`a_city`,`capacity`,`occupied`) VALUES ('30010','19','2013-04-12 05:06:35','01:26:27','Auburn Hills','Monrovia','61','0');

INSERT INTO `flight` (`f_id`,`flight_number`,`d_time`,`duration`,`d_city`,`a_city`,`capacity`,`occupied`) VALUES ('40000','24','2013-05-11 08:30:50','15:08:15','New Rochelle','Beverly','20','0');
INSERT INTO `flight` (`f_id`,`flight_number`,`d_time`,`duration`,`d_city`,`a_city`,`capacity`,`occupied`) VALUES ('40001','12','2013-05-12 14:48:07','20:52:33','Livonia','Temecula','67','0');
INSERT INTO `flight` (`f_id`,`flight_number`,`d_time`,`duration`,`d_city`,`a_city`,`capacity`,`occupied`) VALUES ('40002','16','2013-05-11 18:11:22','01:26:04','Miami Beach','Kalamazoo','71','0');
INSERT INTO `flight` (`f_id`,`flight_number`,`d_time`,`duration`,`d_city`,`a_city`,`capacity`,`occupied`) VALUES ('40003','21','2013-05-11 19:28:40','12:03:38','Crown Point','Sun Valley','32','0');
INSERT INTO `flight` (`f_id`,`flight_number`,`d_time`,`duration`,`d_city`,`a_city`,`capacity`,`occupied`) VALUES ('40004','10','2013-05-12 01:54:33','23:07:03','Natchitoches','Hilo','22','0');
INSERT INTO `flight` (`f_id`,`flight_number`,`d_time`,`duration`,`d_city`,`a_city`,`capacity`,`occupied`) VALUES ('40005','14','2013-05-12 17:18:44','20:28:40','Culver City','Beverly','15','0');
INSERT INTO `flight` (`f_id`,`flight_number`,`d_time`,`duration`,`d_city`,`a_city`,`capacity`,`occupied`) VALUES ('40006','18','2013-05-12 20:43:54','09:06:29','Chandler','Belleville','119','0');
INSERT INTO `flight` (`f_id`,`flight_number`,`d_time`,`duration`,`d_city`,`a_city`,`capacity`,`occupied`) VALUES ('40007','27','2013-05-12 05:15:43','18:35:48','Terre Haute','Duluth','51','0');
INSERT INTO `flight` (`f_id`,`flight_number`,`d_time`,`duration`,`d_city`,`a_city`,`capacity`,`occupied`) VALUES ('40008','20','2013-05-11 02:22:22','19:57:31','Richland','Newark','65','0');
INSERT INTO `flight` (`f_id`,`flight_number`,`d_time`,`duration`,`d_city`,`a_city`,`capacity`,`occupied`) VALUES ('40009','17','2013-05-11 02:43:48','04:46:18','Appleton','Cape Girardeau','98','0');
INSERT INTO `flight` (`f_id`,`flight_number`,`d_time`,`duration`,`d_city`,`a_city`,`capacity`,`occupied`) VALUES ('40010','19','2013-05-12 05:06:35','01:26:27','Auburn Hills','Monrovia','61','0');

INSERT INTO `flight` (`f_id`,`flight_number`,`d_time`,`duration`,`d_city`,`a_city`,`capacity`,`occupied`) VALUES ('50000','24','2013-06-11 08:30:50','15:08:15','New Rochelle','Beverly','20','0');
INSERT INTO `flight` (`f_id`,`flight_number`,`d_time`,`duration`,`d_city`,`a_city`,`capacity`,`occupied`) VALUES ('50001','12','2013-06-12 14:48:07','20:52:33','Livonia','Temecula','67','0');
INSERT INTO `flight` (`f_id`,`flight_number`,`d_time`,`duration`,`d_city`,`a_city`,`capacity`,`occupied`) VALUES ('50002','16','2013-06-11 18:11:22','01:26:04','Miami Beach','Kalamazoo','71','0');
INSERT INTO `flight` (`f_id`,`flight_number`,`d_time`,`duration`,`d_city`,`a_city`,`capacity`,`occupied`) VALUES ('50003','21','2013-06-11 19:28:40','12:03:38','Crown Point','Sun Valley','32','0');
INSERT INTO `flight` (`f_id`,`flight_number`,`d_time`,`duration`,`d_city`,`a_city`,`capacity`,`occupied`) VALUES ('50004','10','2013-06-12 01:54:33','23:07:03','Natchitoches','Hilo','22','0');
INSERT INTO `flight` (`f_id`,`flight_number`,`d_time`,`duration`,`d_city`,`a_city`,`capacity`,`occupied`) VALUES ('50005','14','2013-06-12 17:18:44','20:28:40','Culver City','Beverly','15','0');
INSERT INTO `flight` (`f_id`,`flight_number`,`d_time`,`duration`,`d_city`,`a_city`,`capacity`,`occupied`) VALUES ('50006','18','2013-06-12 20:43:54','09:06:29','Chandler','Belleville','119','0');
INSERT INTO `flight` (`f_id`,`flight_number`,`d_time`,`duration`,`d_city`,`a_city`,`capacity`,`occupied`) VALUES ('50007','27','2013-06-12 05:15:43','18:35:48','Terre Haute','Duluth','51','0');
INSERT INTO `flight` (`f_id`,`flight_number`,`d_time`,`duration`,`d_city`,`a_city`,`capacity`,`occupied`) VALUES ('50008','20','2013-06-11 02:22:22','19:57:31','Richland','Newark','65','0');
INSERT INTO `flight` (`f_id`,`flight_number`,`d_time`,`duration`,`d_city`,`a_city`,`capacity`,`occupied`) VALUES ('50009','17','2013-06-11 02:43:48','04:46:18','Appleton','Cape Girardeau','98','0');
INSERT INTO `flight` (`f_id`,`flight_number`,`d_time`,`duration`,`d_city`,`a_city`,`capacity`,`occupied`) VALUES ('50010','19','2013-06-12 05:06:35','01:26:27','Auburn Hills','Monrovia','61','0');

-- flight status
INSERT INTO `flight_status` (`f_id`, `status`) VALUES ('10000', 'scheduled');
INSERT INTO `flight_status` (`f_id`, `status`) VALUES ('10001', 'scheduled');
INSERT INTO `flight_status` (`f_id`, `status`) VALUES ('10002', 'scheduled');
INSERT INTO `flight_status` (`f_id`, `status`) VALUES ('10003', 'scheduled');
INSERT INTO `flight_status` (`f_id`, `status`) VALUES ('10004', 'scheduled');
INSERT INTO `flight_status` (`f_id`, `status`) VALUES ('10005', 'scheduled');
INSERT INTO `flight_status` (`f_id`, `status`) VALUES ('10006', 'scheduled');
INSERT INTO `flight_status` (`f_id`, `status`) VALUES ('10007', 'scheduled');
INSERT INTO `flight_status` (`f_id`, `status`) VALUES ('10008', 'scheduled');
INSERT INTO `flight_status` (`f_id`, `status`) VALUES ('10009', 'scheduled');
INSERT INTO `flight_status` (`f_id`, `status`) VALUES ('10010', 'scheduled');

INSERT INTO `flight_status` (`f_id`, `status`) VALUES ('20000', 'scheduled');
INSERT INTO `flight_status` (`f_id`, `status`) VALUES ('20001', 'scheduled');
INSERT INTO `flight_status` (`f_id`, `status`) VALUES ('20002', 'scheduled');
INSERT INTO `flight_status` (`f_id`, `status`) VALUES ('20003', 'scheduled');
INSERT INTO `flight_status` (`f_id`, `status`) VALUES ('20004', 'scheduled');
INSERT INTO `flight_status` (`f_id`, `status`) VALUES ('20005', 'scheduled');
INSERT INTO `flight_status` (`f_id`, `status`) VALUES ('20006', 'scheduled');
INSERT INTO `flight_status` (`f_id`, `status`) VALUES ('20007', 'scheduled');
INSERT INTO `flight_status` (`f_id`, `status`) VALUES ('20008', 'scheduled');
INSERT INTO `flight_status` (`f_id`, `status`) VALUES ('20009', 'scheduled');
INSERT INTO `flight_status` (`f_id`, `status`) VALUES ('20010', 'scheduled');

INSERT INTO `flight_status` (`f_id`, `status`) VALUES ('30000', 'scheduled');
INSERT INTO `flight_status` (`f_id`, `status`) VALUES ('30001', 'scheduled');
INSERT INTO `flight_status` (`f_id`, `status`) VALUES ('30002', 'scheduled');
INSERT INTO `flight_status` (`f_id`, `status`) VALUES ('30003', 'scheduled');
INSERT INTO `flight_status` (`f_id`, `status`) VALUES ('30004', 'scheduled');
INSERT INTO `flight_status` (`f_id`, `status`) VALUES ('30005', 'scheduled');
INSERT INTO `flight_status` (`f_id`, `status`) VALUES ('30006', 'scheduled');
INSERT INTO `flight_status` (`f_id`, `status`) VALUES ('30007', 'scheduled');
INSERT INTO `flight_status` (`f_id`, `status`) VALUES ('30008', 'scheduled');
INSERT INTO `flight_status` (`f_id`, `status`) VALUES ('30009', 'scheduled');
INSERT INTO `flight_status` (`f_id`, `status`) VALUES ('30010', 'scheduled');

INSERT INTO `flight_status` (`f_id`, `status`) VALUES ('40000', 'scheduled');
INSERT INTO `flight_status` (`f_id`, `status`) VALUES ('40001', 'scheduled');
INSERT INTO `flight_status` (`f_id`, `status`) VALUES ('40002', 'scheduled');
INSERT INTO `flight_status` (`f_id`, `status`) VALUES ('40003', 'scheduled');
INSERT INTO `flight_status` (`f_id`, `status`) VALUES ('40004', 'scheduled');
INSERT INTO `flight_status` (`f_id`, `status`) VALUES ('40005', 'scheduled');
INSERT INTO `flight_status` (`f_id`, `status`) VALUES ('40006', 'scheduled');
INSERT INTO `flight_status` (`f_id`, `status`) VALUES ('40007', 'scheduled');
INSERT INTO `flight_status` (`f_id`, `status`) VALUES ('40008', 'scheduled');
INSERT INTO `flight_status` (`f_id`, `status`) VALUES ('40009', 'scheduled');
INSERT INTO `flight_status` (`f_id`, `status`) VALUES ('40010', 'scheduled');

INSERT INTO `flight_status` (`f_id`, `status`) VALUES ('50000', 'scheduled');
INSERT INTO `flight_status` (`f_id`, `status`) VALUES ('50001', 'scheduled');
INSERT INTO `flight_status` (`f_id`, `status`) VALUES ('50002', 'scheduled');
INSERT INTO `flight_status` (`f_id`, `status`) VALUES ('50003', 'scheduled');
INSERT INTO `flight_status` (`f_id`, `status`) VALUES ('50004', 'scheduled');
INSERT INTO `flight_status` (`f_id`, `status`) VALUES ('50005', 'scheduled');
INSERT INTO `flight_status` (`f_id`, `status`) VALUES ('50006', 'scheduled');
INSERT INTO `flight_status` (`f_id`, `status`) VALUES ('50007', 'scheduled');
INSERT INTO `flight_status` (`f_id`, `status`) VALUES ('50008', 'scheduled');
INSERT INTO `flight_status` (`f_id`, `status`) VALUES ('50009', 'scheduled');
INSERT INTO `flight_status` (`f_id`, `status`) VALUES ('50010', 'scheduled');

-- user login data
INSERT INTO `user` (`c_id`,`password`) VALUES ('6000000','QAW84MUO8SQ');
INSERT INTO `user` (`c_id`,`password`) VALUES ('6000001','WGA56GSR5NS');
INSERT INTO `user` (`c_id`,`password`) VALUES ('6000002','DQW59KSE3IF');
INSERT INTO `user` (`c_id`,`password`) VALUES ('6000003','FDQ69FOP8KW');
INSERT INTO `user` (`c_id`,`password`) VALUES ('6000004','WYO16FQE9TV');
INSERT INTO `user` (`c_id`,`password`) VALUES ('6000005','VHT20YPI1VM');
INSERT INTO `user` (`c_id`,`password`) VALUES ('6000006','UNK90AVL8RK');
INSERT INTO `user` (`c_id`,`password`) VALUES ('6000007','KUA64FOE0KM');
INSERT INTO `user` (`c_id`,`password`) VALUES ('6000008','TQM62VVB2QO');
INSERT INTO `user` (`c_id`,`password`) VALUES ('6000009','RQP64BOD4ZY');
INSERT INTO `user` (`c_id`,`password`) VALUES ('6000010','NPJ71OSO0MF');
INSERT INTO `user` (`c_id`,`password`) VALUES ('6000011','NEL30NPQ0HG');
INSERT INTO `user` (`c_id`,`password`) VALUES ('6000012','RZS75VGM7TB');
INSERT INTO `user` (`c_id`,`password`) VALUES ('6000013','DLG61VSQ0FU');
INSERT INTO `user` (`c_id`,`password`) VALUES ('6000014','MNV01LCL7UK');
INSERT INTO `user` (`c_id`,`password`) VALUES ('6000015','KNX27JAN4DY');
INSERT INTO `user` (`c_id`,`password`) VALUES ('6000016','SVC55TNT5AH');
INSERT INTO `user` (`c_id`,`password`) VALUES ('6000017','IAK70WNW2YK');
INSERT INTO `user` (`c_id`,`password`) VALUES ('6000018','DEE51RZI6RE');
INSERT INTO `user` (`c_id`,`password`) VALUES ('6000019','SER47LZS7IS');
INSERT INTO `user` (`c_id`,`password`) VALUES ('6000020','DDV96RFO0JS');
INSERT INTO `user` (`c_id`,`password`) VALUES ('6000021','GWX88GNN4GS');
INSERT INTO `user` (`c_id`,`password`) VALUES ('6000022','CRK56DGA8JD');
INSERT INTO `user` (`c_id`,`password`) VALUES ('6000023','RJT35HLY0RV');
INSERT INTO `user` (`c_id`,`password`) VALUES ('6000024','YOR10FPH8RZ');
INSERT INTO `user` (`c_id`,`password`) VALUES ('6000025','HFR44RGV8YE');
INSERT INTO `user` (`c_id`,`password`) VALUES ('6000026','OHT87RWJ4VX');
INSERT INTO `user` (`c_id`,`password`) VALUES ('6000027','DAZ35HGH2OM');
INSERT INTO `user` (`c_id`,`password`) VALUES ('6000028','ZZY62TLE9AL');
INSERT INTO `user` (`c_id`,`password`) VALUES ('6000029','RWD37NUO4YO');
INSERT INTO `user` (`c_id`,`password`) VALUES ('6000030','KHD75KAC9ZB');
INSERT INTO `user` (`c_id`,`password`) VALUES ('6000031','VQH51LMD8DZ');
INSERT INTO `user` (`c_id`,`password`) VALUES ('6000032','BMS52GZF7KN');
INSERT INTO `user` (`c_id`,`password`) VALUES ('6000033','XDB31DGD1CU');
INSERT INTO `user` (`c_id`,`password`) VALUES ('6000034','LRX91AUI9WU');
INSERT INTO `user` (`c_id`,`password`) VALUES ('6000035','RKB94HSV7QY');
INSERT INTO `user` (`c_id`,`password`) VALUES ('6000036','VZC92GDI0PZ');
INSERT INTO `user` (`c_id`,`password`) VALUES ('6000037','YND93LYE2QP');
INSERT INTO `user` (`c_id`,`password`) VALUES ('6000038','HOZ52VJX7FW');
INSERT INTO `user` (`c_id`,`password`) VALUES ('6000039','WFB03JDY3BM');
INSERT INTO `user` (`c_id`,`password`) VALUES ('6000040','NAU99ZEO5MD');
INSERT INTO `user` (`c_id`,`password`) VALUES ('6000041','OBJ34GDR1ZW');
INSERT INTO `user` (`c_id`,`password`) VALUES ('6000042','FBF51EYG6LG');
INSERT INTO `user` (`c_id`,`password`) VALUES ('6000043','KKF35UYB8ND');
INSERT INTO `user` (`c_id`,`password`) VALUES ('6000044','HXP50GRZ1WB');
INSERT INTO `user` (`c_id`,`password`) VALUES ('6000045','HLG43MCV7NG');
INSERT INTO `user` (`c_id`,`password`) VALUES ('6000046','YXV78XPJ0XG');
INSERT INTO `user` (`c_id`,`password`) VALUES ('6000047','PLH81GYZ3GK');
INSERT INTO `user` (`c_id`,`password`) VALUES ('6000048','PSV08QVI8UF');
INSERT INTO `user` (`c_id`,`password`) VALUES ('6000049','SMB50LQZ7FL');
INSERT INTO `user` (`c_id`,`password`) VALUES ('6000050','ZBN20MPH9EA');
INSERT INTO `user` (`c_id`,`password`) VALUES ('6000051','SGV30DGV3YI');
INSERT INTO `user` (`c_id`,`password`) VALUES ('6000052','KNL81KOJ8OL');
INSERT INTO `user` (`c_id`,`password`) VALUES ('6000053','JVM84TTO7MV');
INSERT INTO `user` (`c_id`,`password`) VALUES ('6000054','OVW60SBA0LN');
INSERT INTO `user` (`c_id`,`password`) VALUES ('6000055','MIR88ASL4CG');
INSERT INTO `user` (`c_id`,`password`) VALUES ('6000056','XYR66GLE0ZA');
INSERT INTO `user` (`c_id`,`password`) VALUES ('6000057','YSC67CRE6DN');
INSERT INTO `user` (`c_id`,`password`) VALUES ('6000058','HAK27VTV0RT');
INSERT INTO `user` (`c_id`,`password`) VALUES ('6000059','TIL97QBT6ZL');
INSERT INTO `user` (`c_id`,`password`) VALUES ('6000060','SPE72JKL8RL');
INSERT INTO `user` (`c_id`,`password`) VALUES ('6000061','GZF07AEJ7YS');
INSERT INTO `user` (`c_id`,`password`) VALUES ('6000062','FYL89FLY6EO');
INSERT INTO `user` (`c_id`,`password`) VALUES ('6000063','WYW23HCB7JA');
INSERT INTO `user` (`c_id`,`password`) VALUES ('6000064','YLT96DSP8YN');
INSERT INTO `user` (`c_id`,`password`) VALUES ('6000065','HTN42MDJ0ZI');
INSERT INTO `user` (`c_id`,`password`) VALUES ('6000066','XFS13TYR7WD');
INSERT INTO `user` (`c_id`,`password`) VALUES ('6000067','OVU65JMM9UG');
INSERT INTO `user` (`c_id`,`password`) VALUES ('6000068','LGM94VYK1WQ');
INSERT INTO `user` (`c_id`,`password`) VALUES ('6000069','WAY69QLV7ZR');
INSERT INTO `user` (`c_id`,`password`) VALUES ('6000070','ORG91TWX0HE');
INSERT INTO `user` (`c_id`,`password`) VALUES ('6000071','MFP31ZMA6JB');
INSERT INTO `user` (`c_id`,`password`) VALUES ('6000072','OZA14VYL5NC');
INSERT INTO `user` (`c_id`,`password`) VALUES ('6000073','ULF53DNQ3ZV');
INSERT INTO `user` (`c_id`,`password`) VALUES ('6000074','YHZ97AOD0CD');
INSERT INTO `user` (`c_id`,`password`) VALUES ('6000075','BHO82ZKU0EG');
INSERT INTO `user` (`c_id`,`password`) VALUES ('6000076','HSO42EUF0SN');
INSERT INTO `user` (`c_id`,`password`) VALUES ('6000077','AQH01KBI5DP');
INSERT INTO `user` (`c_id`,`password`) VALUES ('6000078','CAW14REQ9MI');
INSERT INTO `user` (`c_id`,`password`) VALUES ('6000079','MXO67URK2RB');
INSERT INTO `user` (`c_id`,`password`) VALUES ('6000080','OSG97ONX1QY');
INSERT INTO `user` (`c_id`,`password`) VALUES ('6000081','BTJ79ZQK3DI');
INSERT INTO `user` (`c_id`,`password`) VALUES ('6000082','WUA64LYE4MW');
INSERT INTO `user` (`c_id`,`password`) VALUES ('6000083','TMQ30OMR4OK');
INSERT INTO `user` (`c_id`,`password`) VALUES ('6000084','WHI89SEA0AV');
INSERT INTO `user` (`c_id`,`password`) VALUES ('6000085','BRH56LAC3TP');
INSERT INTO `user` (`c_id`,`password`) VALUES ('6000086','YBP55HZC6VK');
INSERT INTO `user` (`c_id`,`password`) VALUES ('6000087','ARH78IUW1WO');
INSERT INTO `user` (`c_id`,`password`) VALUES ('6000088','LJE83HED8DE');
INSERT INTO `user` (`c_id`,`password`) VALUES ('6000089','NRT76WLM2ME');
INSERT INTO `user` (`c_id`,`password`) VALUES ('6000090','OFA89WBW4MF');
INSERT INTO `user` (`c_id`,`password`) VALUES ('6000091','QJP95SUS8HJ');
INSERT INTO `user` (`c_id`,`password`) VALUES ('6000092','QBA45NSZ6GE');
INSERT INTO `user` (`c_id`,`password`) VALUES ('6000093','RDE51AAR2QA');
INSERT INTO `user` (`c_id`,`password`) VALUES ('6000094','VNP53IKQ6BR');
INSERT INTO `user` (`c_id`,`password`) VALUES ('6000095','RNF12FWM3OP');
INSERT INTO `user` (`c_id`,`password`) VALUES ('6000096','ODU61LWT4SH');
INSERT INTO `user` (`c_id`,`password`) VALUES ('6000097','BGQ36GBS9TF');
INSERT INTO `user` (`c_id`,`password`) VALUES ('6000098','DYL38XSJ5HM');
INSERT INTO `user` (`c_id`,`password`) VALUES ('6000099','HXQ77JFL6HR');
INSERT INTO `user` (`c_id`,`password`) VALUES ('6000100','HRI57BLL2PJ');
INSERT INTO `user` (`c_id`,`password`) VALUES ('6000101','SYE66OEY0MV');
INSERT INTO `user` (`c_id`,`password`) VALUES ('6000102','QFO04ZSS6ZJ');
INSERT INTO `user` (`c_id`,`password`) VALUES ('6000103','ANB09NIO8BM');
INSERT INTO `user` (`c_id`,`password`) VALUES ('6000104','CRD68BRI8HN');
INSERT INTO `user` (`c_id`,`password`) VALUES ('6000105','KIY40RCA0CN');
INSERT INTO `user` (`c_id`,`password`) VALUES ('6000106','CEM65BNO5PG');
INSERT INTO `user` (`c_id`,`password`) VALUES ('6000107','QFD78LOE9ZN');
INSERT INTO `user` (`c_id`,`password`) VALUES ('6000108','YKO64OQP0TU');
INSERT INTO `user` (`c_id`,`password`) VALUES ('6000109','OIH68WDL1UR');
INSERT INTO `user` (`c_id`,`password`) VALUES ('6000110','GMO60SRA2PL');
INSERT INTO `user` (`c_id`,`password`) VALUES ('6000111','UFX38NKO2ZX');
INSERT INTO `user` (`c_id`,`password`) VALUES ('6000112','PPU47FPN8VA');
INSERT INTO `user` (`c_id`,`password`) VALUES ('6000113','LNB11CKU5EA');
INSERT INTO `user` (`c_id`,`password`) VALUES ('6000114','LMW98KGW3VL');
INSERT INTO `user` (`c_id`,`password`) VALUES ('6000115','DGE38RGR6RF');
INSERT INTO `user` (`c_id`,`password`) VALUES ('6000116','TVK82EJJ1VW');
INSERT INTO `user` (`c_id`,`password`) VALUES ('6000117','AUU40QUV0XC');
INSERT INTO `user` (`c_id`,`password`) VALUES ('6000118','GGY94PPE8IZ');
INSERT INTO `user` (`c_id`,`password`) VALUES ('6000119','FEE35OOJ4PE');
INSERT INTO `user` (`c_id`,`password`) VALUES ('6000120','GBE88ZZU0FA');
INSERT INTO `user` (`c_id`,`password`) VALUES ('6000121','ADN67RLB6QF');
INSERT INTO `user` (`c_id`,`password`) VALUES ('6000122','WAU45EXF3DG');
INSERT INTO `user` (`c_id`,`password`) VALUES ('6000123','MZC49WOE9PH');
INSERT INTO `user` (`c_id`,`password`) VALUES ('6000124','LFZ16BUI2QJ');
INSERT INTO `user` (`c_id`,`password`) VALUES ('6000125','ACY19DNC3AC');
INSERT INTO `user` (`c_id`,`password`) VALUES ('6000126','MMB30FGQ5SW');
INSERT INTO `user` (`c_id`,`password`) VALUES ('6000127','NVO56WVG2WJ');
INSERT INTO `user` (`c_id`,`password`) VALUES ('6000128','EBI25LRO5EB');
INSERT INTO `user` (`c_id`,`password`) VALUES ('6000129','PNC87TIM6VH');
INSERT INTO `user` (`c_id`,`password`) VALUES ('6000130','EKX02EGB5KC');
INSERT INTO `user` (`c_id`,`password`) VALUES ('6000131','VRR23GUO2JB');
INSERT INTO `user` (`c_id`,`password`) VALUES ('6000132','JFW15ITJ6XT');
INSERT INTO `user` (`c_id`,`password`) VALUES ('6000133','OYZ71AFP1BG');
INSERT INTO `user` (`c_id`,`password`) VALUES ('6000134','UIQ00EIM2SR');
INSERT INTO `user` (`c_id`,`password`) VALUES ('6000135','DVF45OCN3QL');
INSERT INTO `user` (`c_id`,`password`) VALUES ('6000136','HJQ35FMP4HX');
INSERT INTO `user` (`c_id`,`password`) VALUES ('6000137','DIA36MPI1SD');
INSERT INTO `user` (`c_id`,`password`) VALUES ('6000138','JET92GGY7OH');
INSERT INTO `user` (`c_id`,`password`) VALUES ('6000139','JXV53LBQ3FY');
INSERT INTO `user` (`c_id`,`password`) VALUES ('6000140','KNO81XBV0LZ');
INSERT INTO `user` (`c_id`,`password`) VALUES ('6000141','UJG06ESE4CB');
INSERT INTO `user` (`c_id`,`password`) VALUES ('6000142','HQL77CDX0NL');
INSERT INTO `user` (`c_id`,`password`) VALUES ('6000143','PKO44JOX3IG');
INSERT INTO `user` (`c_id`,`password`) VALUES ('6000144','QJW80AGE0OV');
INSERT INTO `user` (`c_id`,`password`) VALUES ('6000145','NHN64LQY8GJ');
INSERT INTO `user` (`c_id`,`password`) VALUES ('6000146','LTV82SEQ9UZ');
INSERT INTO `user` (`c_id`,`password`) VALUES ('6000147','VPB88FYK0MS');
INSERT INTO `user` (`c_id`,`password`) VALUES ('6000148','OCD07CXZ4JT');
INSERT INTO `user` (`c_id`,`password`) VALUES ('6000149','HEA93RYE6TT');
INSERT INTO `user` (`c_id`,`password`) VALUES ('6000150','SPP95AZZ7NB');
INSERT INTO `user` (`c_id`,`password`) VALUES ('6000151','XOV94ULV5SA');
INSERT INTO `user` (`c_id`,`password`) VALUES ('6000152','PSJ26NXJ2PY');
INSERT INTO `user` (`c_id`,`password`) VALUES ('6000153','XNM94LRA5OP');
INSERT INTO `user` (`c_id`,`password`) VALUES ('6000154','JOB10WSS8HK');
INSERT INTO `user` (`c_id`,`password`) VALUES ('6000155','GNA74KCA3ZN');
INSERT INTO `user` (`c_id`,`password`) VALUES ('6000156','VXA25BVD6ES');
INSERT INTO `user` (`c_id`,`password`) VALUES ('6000157','SIS50KMH8TU');
INSERT INTO `user` (`c_id`,`password`) VALUES ('6000158','WOF26FQP7LN');
INSERT INTO `user` (`c_id`,`password`) VALUES ('6000159','TTC85FMT9FB');
INSERT INTO `user` (`c_id`,`password`) VALUES ('6000160','PUB02JWA1SO');
INSERT INTO `user` (`c_id`,`password`) VALUES ('6000161','JZF56VIB3CV');
INSERT INTO `user` (`c_id`,`password`) VALUES ('6000162','LXJ64DOP1EK');
INSERT INTO `user` (`c_id`,`password`) VALUES ('6000163','GFR50RTT2CS');
INSERT INTO `user` (`c_id`,`password`) VALUES ('6000164','MRI29KQB1BZ');
INSERT INTO `user` (`c_id`,`password`) VALUES ('6000165','OSJ62ZWL3CR');
INSERT INTO `user` (`c_id`,`password`) VALUES ('6000166','ARS74MZM1LE');
INSERT INTO `user` (`c_id`,`password`) VALUES ('6000167','NTD93FCL1RD');
INSERT INTO `user` (`c_id`,`password`) VALUES ('6000168','OJK52WXI5YZ');
INSERT INTO `user` (`c_id`,`password`) VALUES ('6000169','GQK66XWB0KU');
INSERT INTO `user` (`c_id`,`password`) VALUES ('6000170','FHE43PPB7EL');
INSERT INTO `user` (`c_id`,`password`) VALUES ('6000171','ESQ06YON9UE');
INSERT INTO `user` (`c_id`,`password`) VALUES ('6000172','IMU23VHT6MB');
INSERT INTO `user` (`c_id`,`password`) VALUES ('6000173','UXL34NDQ9HJ');
INSERT INTO `user` (`c_id`,`password`) VALUES ('6000174','PIY58MMQ6VD');
INSERT INTO `user` (`c_id`,`password`) VALUES ('6000175','KAM23GWU2QR');
INSERT INTO `user` (`c_id`,`password`) VALUES ('6000176','TAE21VFL1UU');
INSERT INTO `user` (`c_id`,`password`) VALUES ('6000177','CIQ58HGQ4RR');
INSERT INTO `user` (`c_id`,`password`) VALUES ('6000178','XXZ17TKK4EL');
INSERT INTO `user` (`c_id`,`password`) VALUES ('6000179','PKP46BOK8RT');
INSERT INTO `user` (`c_id`,`password`) VALUES ('6000180','MHO75EFE8CB');
INSERT INTO `user` (`c_id`,`password`) VALUES ('6000181','UFV56GZU6OF');
INSERT INTO `user` (`c_id`,`password`) VALUES ('6000182','HZV35GFF9SM');
INSERT INTO `user` (`c_id`,`password`) VALUES ('6000183','NMA76EOU2JA');
INSERT INTO `user` (`c_id`,`password`) VALUES ('6000184','CXQ38LAL6IK');
INSERT INTO `user` (`c_id`,`password`) VALUES ('6000185','NSY79DTQ6GD');
INSERT INTO `user` (`c_id`,`password`) VALUES ('6000186','QZV85QBW6DU');
INSERT INTO `user` (`c_id`,`password`) VALUES ('6000187','HMQ75CKW4XO');
INSERT INTO `user` (`c_id`,`password`) VALUES ('6000188','KQM53DEQ2VQ');
INSERT INTO `user` (`c_id`,`password`) VALUES ('6000189','DQD77AKW8RI');
INSERT INTO `user` (`c_id`,`password`) VALUES ('6000190','LKW58SAS2LJ');
INSERT INTO `user` (`c_id`,`password`) VALUES ('6000191','TZS81JEZ9IQ');
INSERT INTO `user` (`c_id`,`password`) VALUES ('6000192','DCI15FZF5KQ');
INSERT INTO `user` (`c_id`,`password`) VALUES ('6000193','JYL09DIJ4BJ');
INSERT INTO `user` (`c_id`,`password`) VALUES ('6000194','FZN51NOM1RO');
INSERT INTO `user` (`c_id`,`password`) VALUES ('6000195','NVB78HGF8PE');
INSERT INTO `user` (`c_id`,`password`) VALUES ('6000196','IRD40MYC8DB');
INSERT INTO `user` (`c_id`,`password`) VALUES ('6000197','KSF92RCY2PU');
INSERT INTO `user` (`c_id`,`password`) VALUES ('6000198','IHP55VMD9UV');
INSERT INTO `user` (`c_id`,`password`) VALUES ('6000199','CGV51XLI9WB');

-- employee login data
INSERT INTO `employee` (`e_id`,`name`,`password`) VALUES ('5000000','Ava Q. Freeman','avafreeman');
INSERT INTO `employee` (`e_id`,`name`,`password`) VALUES ('5000001','Amanda X. Alston','RCS94PTI7UI');
INSERT INTO `employee` (`e_id`,`name`,`password`) VALUES ('5000002','Jena P. Levy','OVF05DXN3BI');
INSERT INTO `employee` (`e_id`,`name`,`password`) VALUES ('5000003','Brenda I. Sutton','EXG89YVL5OT');
INSERT INTO `employee` (`e_id`,`name`,`password`) VALUES ('5000004','Emmanuel C. Gordon','UXR37XJG0GU');
INSERT INTO `employee` (`e_id`,`name`,`password`) VALUES ('5000005','George C. Fuller','MFL61SLC6GN');
INSERT INTO `employee` (`e_id`,`name`,`password`) VALUES ('5000006','Colin H. Sawyer','NEK20CQU0ZB');
INSERT INTO `employee` (`e_id`,`name`,`password`) VALUES ('5000007','Alvin V. David','KOY87KMW0XY');
INSERT INTO `employee` (`e_id`,`name`,`password`) VALUES ('5000008','Phelan M. Cleveland','ZAU41FTG3KB');
INSERT INTO `employee` (`e_id`,`name`,`password`) VALUES ('5000009','Forrest C. Gould','JPY71XPW2CS');

